--------------------------------------------------------
--  File created - Friday-January-24-2020   
--------------------------------------------------------
--------------------------------------------------------
--  DDL for Sequence ACCOUNT_SEQ
--------------------------------------------------------

   CREATE SEQUENCE  "CAI"."ACCOUNT_SEQ"  MINVALUE 1 MAXVALUE 9999999999999999999999999999 INCREMENT BY 1 START WITH 10021 NOCACHE  ORDER  NOCYCLE ;
--------------------------------------------------------
--  DDL for Sequence COLLEGE_SEQ
--------------------------------------------------------

   CREATE SEQUENCE  "CAI"."COLLEGE_SEQ"  MINVALUE 1 MAXVALUE 9999999999999999999999999999 INCREMENT BY 1 START WITH 90007 NOCACHE  NOORDER  NOCYCLE ;
--------------------------------------------------------
--  DDL for Sequence CUSTOMER_SEQ
--------------------------------------------------------

   CREATE SEQUENCE  "CAI"."CUSTOMER_SEQ"  MINVALUE 1 MAXVALUE 9999999999999999999999999999 INCREMENT BY 1 START WITH 1021 NOCACHE  ORDER  NOCYCLE ;
--------------------------------------------------------
--  DDL for Sequence EMPLOYEE_SEQ
--------------------------------------------------------

   CREATE SEQUENCE  "CAI"."EMPLOYEE_SEQ"  MINVALUE 1 MAXVALUE 9999999999999999999999999999 INCREMENT BY 1 START WITH 1000 CACHE 20 NOORDER  NOCYCLE ;
--------------------------------------------------------
--  DDL for Sequence HISTSEQ
--------------------------------------------------------

   CREATE SEQUENCE  "CAI"."HISTSEQ"  MINVALUE 1 MAXVALUE 9999999999999999999999999999 INCREMENT BY 1 START WITH 89 NOCACHE  ORDER  NOCYCLE ;
--------------------------------------------------------
--  DDL for Sequence USERIDSEQ
--------------------------------------------------------

   CREATE SEQUENCE  "CAI"."USERIDSEQ"  MINVALUE 1 MAXVALUE 9999999999999999999999999999 INCREMENT BY 1 START WITH 35 NOCACHE  ORDER  CYCLE ;
--------------------------------------------------------
--  DDL for Table ACCOUNT
--------------------------------------------------------

  CREATE TABLE "CAI"."ACCOUNT" 
   (	"ACCOUNTNUMBER" VARCHAR2(9 BYTE), 
	"BALANCE" NUMBER, 
	"TYPEID" NUMBER(1,0), 
	"STATUSID" NUMBER(1,0), 
	"CUSTINFO" VARCHAR2(7 BYTE)
   ) SEGMENT CREATION IMMEDIATE 
  PCTFREE 10 PCTUSED 40 INITRANS 1 MAXTRANS 255 NOCOMPRESS LOGGING
  STORAGE(INITIAL 65536 NEXT 1048576 MINEXTENTS 1 MAXEXTENTS 2147483645
  PCTINCREASE 0 FREELISTS 1 FREELIST GROUPS 1 BUFFER_POOL DEFAULT FLASH_CACHE DEFAULT CELL_FLASH_CACHE DEFAULT)
  TABLESPACE "SYSTEM" ;
--------------------------------------------------------
--  DDL for Table ACCOUNTTYPE
--------------------------------------------------------

  CREATE TABLE "CAI"."ACCOUNTTYPE" 
   (	"TYPEID" NUMBER(1,0), 
	"TYPES" VARCHAR2(10 BYTE)
   ) SEGMENT CREATION IMMEDIATE 
  PCTFREE 10 PCTUSED 40 INITRANS 1 MAXTRANS 255 NOCOMPRESS LOGGING
  STORAGE(INITIAL 65536 NEXT 1048576 MINEXTENTS 1 MAXEXTENTS 2147483645
  PCTINCREASE 0 FREELISTS 1 FREELIST GROUPS 1 BUFFER_POOL DEFAULT FLASH_CACHE DEFAULT CELL_FLASH_CACHE DEFAULT)
  TABLESPACE "SYSTEM" ;
--------------------------------------------------------
--  DDL for Table CUSTOMER
--------------------------------------------------------

  CREATE TABLE "CAI"."CUSTOMER" 
   (	"CID" VARCHAR2(7 BYTE), 
	"FNAME" VARCHAR2(20 BYTE), 
	"LNAME" VARCHAR2(20 BYTE), 
	"DOB" DATE, 
	"GENDER" VARCHAR2(1 BYTE), 
	"USERID" NUMBER
   ) SEGMENT CREATION IMMEDIATE 
  PCTFREE 10 PCTUSED 40 INITRANS 1 MAXTRANS 255 NOCOMPRESS LOGGING
  STORAGE(INITIAL 65536 NEXT 1048576 MINEXTENTS 1 MAXEXTENTS 2147483645
  PCTINCREASE 0 FREELISTS 1 FREELIST GROUPS 1 BUFFER_POOL DEFAULT FLASH_CACHE DEFAULT CELL_FLASH_CACHE DEFAULT)
  TABLESPACE "SYSTEM" ;
--------------------------------------------------------
--  DDL for Table EMPLOYEE
--------------------------------------------------------

  CREATE TABLE "CAI"."EMPLOYEE" 
   (	"EID" VARCHAR2(7 BYTE), 
	"FNAME" VARCHAR2(20 BYTE), 
	"LNAME" VARCHAR2(20 BYTE), 
	"USERID" NUMBER
   ) SEGMENT CREATION IMMEDIATE 
  PCTFREE 10 PCTUSED 40 INITRANS 1 MAXTRANS 255 NOCOMPRESS LOGGING
  STORAGE(INITIAL 65536 NEXT 1048576 MINEXTENTS 1 MAXEXTENTS 2147483645
  PCTINCREASE 0 FREELISTS 1 FREELIST GROUPS 1 BUFFER_POOL DEFAULT FLASH_CACHE DEFAULT CELL_FLASH_CACHE DEFAULT)
  TABLESPACE "SYSTEM" ;
--------------------------------------------------------
--  DDL for Table STATUS
--------------------------------------------------------

  CREATE TABLE "CAI"."STATUS" 
   (	"STATUSID" NUMBER(1,0), 
	"STATUS" VARCHAR2(10 BYTE)
   ) SEGMENT CREATION IMMEDIATE 
  PCTFREE 10 PCTUSED 40 INITRANS 1 MAXTRANS 255 NOCOMPRESS LOGGING
  STORAGE(INITIAL 65536 NEXT 1048576 MINEXTENTS 1 MAXEXTENTS 2147483645
  PCTINCREASE 0 FREELISTS 1 FREELIST GROUPS 1 BUFFER_POOL DEFAULT FLASH_CACHE DEFAULT CELL_FLASH_CACHE DEFAULT)
  TABLESPACE "SYSTEM" ;
--------------------------------------------------------
--  DDL for Table TRANSACTION
--------------------------------------------------------

  CREATE TABLE "CAI"."TRANSACTION" 
   (	"HID" NUMBER, 
	"ACCOUNTNUMBER" VARCHAR2(9 BYTE), 
	"AMOUNT" FLOAT(126), 
	"TRANSTYPE" NUMBER(1,0), 
	"TRANSFROM" VARCHAR2(20 BYTE), 
	"TRANSTO" VARCHAR2(20 BYTE), 
	"DATELOG" DATE
   ) SEGMENT CREATION IMMEDIATE 
  PCTFREE 10 PCTUSED 40 INITRANS 1 MAXTRANS 255 NOCOMPRESS LOGGING
  STORAGE(INITIAL 65536 NEXT 1048576 MINEXTENTS 1 MAXEXTENTS 2147483645
  PCTINCREASE 0 FREELISTS 1 FREELIST GROUPS 1 BUFFER_POOL DEFAULT FLASH_CACHE DEFAULT CELL_FLASH_CACHE DEFAULT)
  TABLESPACE "SYSTEM" ;
--------------------------------------------------------
--  DDL for Table TRANSTYPE
--------------------------------------------------------

  CREATE TABLE "CAI"."TRANSTYPE" 
   (	"TRANSID" NUMBER(1,0), 
	"TYPE" VARCHAR2(10 BYTE)
   ) SEGMENT CREATION IMMEDIATE 
  PCTFREE 10 PCTUSED 40 INITRANS 1 MAXTRANS 255 NOCOMPRESS LOGGING
  STORAGE(INITIAL 65536 NEXT 1048576 MINEXTENTS 1 MAXEXTENTS 2147483645
  PCTINCREASE 0 FREELISTS 1 FREELIST GROUPS 1 BUFFER_POOL DEFAULT FLASH_CACHE DEFAULT CELL_FLASH_CACHE DEFAULT)
  TABLESPACE "SYSTEM" ;
--------------------------------------------------------
--  DDL for Table USERS
--------------------------------------------------------

  CREATE TABLE "CAI"."USERS" 
   (	"USERID" NUMBER, 
	"USERNAME" VARCHAR2(20 BYTE), 
	"PASSWORD" VARCHAR2(20 BYTE), 
	"ROLE" VARCHAR2(1 BYTE)
   ) SEGMENT CREATION IMMEDIATE 
  PCTFREE 10 PCTUSED 40 INITRANS 1 MAXTRANS 255 NOCOMPRESS LOGGING
  STORAGE(INITIAL 65536 NEXT 1048576 MINEXTENTS 1 MAXEXTENTS 2147483645
  PCTINCREASE 0 FREELISTS 1 FREELIST GROUPS 1 BUFFER_POOL DEFAULT FLASH_CACHE DEFAULT CELL_FLASH_CACHE DEFAULT)
  TABLESPACE "SYSTEM" ;
REM INSERTING into CAI.ACCOUNT
SET DEFINE OFF;
Insert into CAI.ACCOUNT (ACCOUNTNUMBER,BALANCE,TYPEID,STATUSID,CUSTINFO) values ('BR100022',300,2,3,'BR1002K');
Insert into CAI.ACCOUNT (ACCOUNTNUMBER,BALANCE,TYPEID,STATUSID,CUSTINFO) values ('BR100031',220,1,3,'BR1002K');
Insert into CAI.ACCOUNT (ACCOUNTNUMBER,BALANCE,TYPEID,STATUSID,CUSTINFO) values ('BR100041',0,1,1,'BR1003C');
Insert into CAI.ACCOUNT (ACCOUNTNUMBER,BALANCE,TYPEID,STATUSID,CUSTINFO) values ('BR100051',1268,1,3,'BR1004B');
Insert into CAI.ACCOUNT (ACCOUNTNUMBER,BALANCE,TYPEID,STATUSID,CUSTINFO) values ('BR100061',0,1,1,'BR1005O');
Insert into CAI.ACCOUNT (ACCOUNTNUMBER,BALANCE,TYPEID,STATUSID,CUSTINFO) values ('BR100071',0,1,1,'BR1006F');
Insert into CAI.ACCOUNT (ACCOUNTNUMBER,BALANCE,TYPEID,STATUSID,CUSTINFO) values ('BR100092',760,2,3,'BR1009L');
Insert into CAI.ACCOUNT (ACCOUNTNUMBER,BALANCE,TYPEID,STATUSID,CUSTINFO) values ('BR100102',0,2,1,'BR1010D');
Insert into CAI.ACCOUNT (ACCOUNTNUMBER,BALANCE,TYPEID,STATUSID,CUSTINFO) values ('BR100001',460,1,3,'BR1000S');
Insert into CAI.ACCOUNT (ACCOUNTNUMBER,BALANCE,TYPEID,STATUSID,CUSTINFO) values ('BR100012',0,2,1,'BR1001F');
Insert into CAI.ACCOUNT (ACCOUNTNUMBER,BALANCE,TYPEID,STATUSID,CUSTINFO) values ('BR100111',50,1,3,'BR1011H');
Insert into CAI.ACCOUNT (ACCOUNTNUMBER,BALANCE,TYPEID,STATUSID,CUSTINFO) values ('BR100121',0,1,1,'BR1012G');
Insert into CAI.ACCOUNT (ACCOUNTNUMBER,BALANCE,TYPEID,STATUSID,CUSTINFO) values ('BR100131',100,1,3,'BR1013F');
Insert into CAI.ACCOUNT (ACCOUNTNUMBER,BALANCE,TYPEID,STATUSID,CUSTINFO) values ('BR100141',250,1,3,'BR1014C');
Insert into CAI.ACCOUNT (ACCOUNTNUMBER,BALANCE,TYPEID,STATUSID,CUSTINFO) values ('BR100161',0,1,1,'BR1016L');
Insert into CAI.ACCOUNT (ACCOUNTNUMBER,BALANCE,TYPEID,STATUSID,CUSTINFO) values ('BR100172',123,2,3,'BR1017W');
Insert into CAI.ACCOUNT (ACCOUNTNUMBER,BALANCE,TYPEID,STATUSID,CUSTINFO) values ('BR100182',56,2,3,'BR1018Y');
Insert into CAI.ACCOUNT (ACCOUNTNUMBER,BALANCE,TYPEID,STATUSID,CUSTINFO) values ('BR100191',0,1,1,'BR1019Y');
Insert into CAI.ACCOUNT (ACCOUNTNUMBER,BALANCE,TYPEID,STATUSID,CUSTINFO) values ('BR100201',340,1,3,'BR1020H');
REM INSERTING into CAI.ACCOUNTTYPE
SET DEFINE OFF;
Insert into CAI.ACCOUNTTYPE (TYPEID,TYPES) values (1,'Checking');
Insert into CAI.ACCOUNTTYPE (TYPEID,TYPES) values (2,'Saving');
REM INSERTING into CAI.CUSTOMER
SET DEFINE OFF;
Insert into CAI.CUSTOMER (CID,FNAME,LNAME,DOB,GENDER,USERID) values ('BR1002K','Macie','Key',to_date('06-OCT-00','DD-MON-RR'),'f',4);
Insert into CAI.CUSTOMER (CID,FNAME,LNAME,DOB,GENDER,USERID) values ('BR1003C','Abbe','Cooke',to_date('07-AUG-01','DD-MON-RR'),'f',6);
Insert into CAI.CUSTOMER (CID,FNAME,LNAME,DOB,GENDER,USERID) values ('BR1004B','Lea','Bravo',to_date('01-FEB-00','DD-MON-RR'),'o',7);
Insert into CAI.CUSTOMER (CID,FNAME,LNAME,DOB,GENDER,USERID) values ('BR1000S','Herman','Salt',to_date('12-MAR-00','DD-MON-RR'),'m',2);
Insert into CAI.CUSTOMER (CID,FNAME,LNAME,DOB,GENDER,USERID) values ('BR1001F','Macy','Findlay',to_date('26-JUL-02','DD-MON-RR'),'m',3);
Insert into CAI.CUSTOMER (CID,FNAME,LNAME,DOB,GENDER,USERID) values ('BR1005O','Amman','Ochoa',to_date('25-MAR-92','DD-MON-RR'),'o',8);
Insert into CAI.CUSTOMER (CID,FNAME,LNAME,DOB,GENDER,USERID) values ('BR1006F','Ox','Ford',to_date('30-AUG-90','DD-MON-RR'),'o',10);
Insert into CAI.CUSTOMER (CID,FNAME,LNAME,DOB,GENDER,USERID) values ('BR1007W','Tim','Will',to_date('12-NOV-01','DD-MON-RR'),'m',11);
Insert into CAI.CUSTOMER (CID,FNAME,LNAME,DOB,GENDER,USERID) values ('BR1009L','Rob','Lee',to_date('21-NOV-98','DD-MON-RR'),'m',16);
Insert into CAI.CUSTOMER (CID,FNAME,LNAME,DOB,GENDER,USERID) values ('BR1010D','demo','dlast',to_date('12-DEC-90','DD-MON-RR'),'o',17);
Insert into CAI.CUSTOMER (CID,FNAME,LNAME,DOB,GENDER,USERID) values ('BR1011H','Paul','Huy',to_date('12-AUG-92','DD-MON-RR'),'m',19);
Insert into CAI.CUSTOMER (CID,FNAME,LNAME,DOB,GENDER,USERID) values ('BR1012G','paul','george',to_date('21-JUL-94','DD-MON-RR'),'m',21);
Insert into CAI.CUSTOMER (CID,FNAME,LNAME,DOB,GENDER,USERID) values ('BR1013F','Raul','Fred',to_date('30-JUN-90','DD-MON-RR'),'m',22);
Insert into CAI.CUSTOMER (CID,FNAME,LNAME,DOB,GENDER,USERID) values ('BR1014C','Rong','Cai',to_date('01-JAN-00','DD-MON-RR'),'m',23);
Insert into CAI.CUSTOMER (CID,FNAME,LNAME,DOB,GENDER,USERID) values ('BR1018Y','Cam','Yo',to_date('21-DEC-95','DD-MON-RR'),'m',27);
Insert into CAI.CUSTOMER (CID,FNAME,LNAME,DOB,GENDER,USERID) values ('BR1016L','yuna','lee',to_date('21-MAY-01','DD-MON-RR'),'f',25);
Insert into CAI.CUSTOMER (CID,FNAME,LNAME,DOB,GENDER,USERID) values ('BR1017W','Bruce','Wayne',to_date('25-MAY-98','DD-MON-RR'),'m',26);
Insert into CAI.CUSTOMER (CID,FNAME,LNAME,DOB,GENDER,USERID) values ('BR1019Y','Jay','Young',to_date('12-NOV-92','DD-MON-RR'),'m',33);
Insert into CAI.CUSTOMER (CID,FNAME,LNAME,DOB,GENDER,USERID) values ('BR1020H','Sam','Houston',to_date('12-DEC-00','DD-MON-RR'),'m',34);
REM INSERTING into CAI.EMPLOYEE
SET DEFINE OFF;
Insert into CAI.EMPLOYEE (EID,FNAME,LNAME,USERID) values ('BA00000','Robot','King',1);
REM INSERTING into CAI.STATUS
SET DEFINE OFF;
Insert into CAI.STATUS (STATUSID,STATUS) values (1,'Pending');
Insert into CAI.STATUS (STATUSID,STATUS) values (2,'Rejected');
Insert into CAI.STATUS (STATUSID,STATUS) values (3,'Active');
Insert into CAI.STATUS (STATUSID,STATUS) values (4,'Close');
REM INSERTING into CAI.TRANSACTION
SET DEFINE OFF;
Insert into CAI.TRANSACTION (HID,ACCOUNTNUMBER,AMOUNT,TRANSTYPE,TRANSFROM,TRANSTO,DATELOG) values (1,'BR100051',550,1,null,null,to_date('31-DEC-19','DD-MON-RR'));
Insert into CAI.TRANSACTION (HID,ACCOUNTNUMBER,AMOUNT,TRANSTYPE,TRANSFROM,TRANSTO,DATELOG) values (2,'BR100051',50,1,null,null,to_date('01-JAN-20','DD-MON-RR'));
Insert into CAI.TRANSACTION (HID,ACCOUNTNUMBER,AMOUNT,TRANSTYPE,TRANSFROM,TRANSTO,DATELOG) values (3,'BR100051',55,2,null,null,to_date('01-JAN-20','DD-MON-RR'));
Insert into CAI.TRANSACTION (HID,ACCOUNTNUMBER,AMOUNT,TRANSTYPE,TRANSFROM,TRANSTO,DATELOG) values (4,'BR100001',5,3,'BR100051','BR100001',to_date('01-JAN-20','DD-MON-RR'));
Insert into CAI.TRANSACTION (HID,ACCOUNTNUMBER,AMOUNT,TRANSTYPE,TRANSFROM,TRANSTO,DATELOG) values (5,'BR100051',5,3,'BR100051','BR100001',to_date('01-JAN-20','DD-MON-RR'));
Insert into CAI.TRANSACTION (HID,ACCOUNTNUMBER,AMOUNT,TRANSTYPE,TRANSFROM,TRANSTO,DATELOG) values (6,'BR100001',15,1,null,null,to_date('01-JAN-20','DD-MON-RR'));
Insert into CAI.TRANSACTION (HID,ACCOUNTNUMBER,AMOUNT,TRANSTYPE,TRANSFROM,TRANSTO,DATELOG) values (7,'BR100001',5,2,null,null,to_date('01-JAN-20','DD-MON-RR'));
Insert into CAI.TRANSACTION (HID,ACCOUNTNUMBER,AMOUNT,TRANSTYPE,TRANSFROM,TRANSTO,DATELOG) values (8,'BR100051',5,3,'BR100001','BR100051',to_date('01-JAN-20','DD-MON-RR'));
Insert into CAI.TRANSACTION (HID,ACCOUNTNUMBER,AMOUNT,TRANSTYPE,TRANSFROM,TRANSTO,DATELOG) values (9,'BR100001',5,3,'BR100001','BR100051',to_date('01-JAN-20','DD-MON-RR'));
Insert into CAI.TRANSACTION (HID,ACCOUNTNUMBER,AMOUNT,TRANSTYPE,TRANSFROM,TRANSTO,DATELOG) values (10,'BR100051',200,1,null,null,to_date('01-JAN-20','DD-MON-RR'));
Insert into CAI.TRANSACTION (HID,ACCOUNTNUMBER,AMOUNT,TRANSTYPE,TRANSFROM,TRANSTO,DATELOG) values (11,'BR100001',5,3,'BR100051','BR100001',to_date('02-JAN-20','DD-MON-RR'));
Insert into CAI.TRANSACTION (HID,ACCOUNTNUMBER,AMOUNT,TRANSTYPE,TRANSFROM,TRANSTO,DATELOG) values (12,'BR100051',5,3,'BR100051','BR100001',to_date('02-JAN-20','DD-MON-RR'));
Insert into CAI.TRANSACTION (HID,ACCOUNTNUMBER,AMOUNT,TRANSTYPE,TRANSFROM,TRANSTO,DATELOG) values (13,'BR100141',500,1,null,null,to_date('02-JAN-20','DD-MON-RR'));
Insert into CAI.TRANSACTION (HID,ACCOUNTNUMBER,AMOUNT,TRANSTYPE,TRANSFROM,TRANSTO,DATELOG) values (14,'BR100141',200,2,null,null,to_date('02-JAN-20','DD-MON-RR'));
Insert into CAI.TRANSACTION (HID,ACCOUNTNUMBER,AMOUNT,TRANSTYPE,TRANSFROM,TRANSTO,DATELOG) values (15,'BR100051',50,3,'BR100141','BR100051',to_date('02-JAN-20','DD-MON-RR'));
Insert into CAI.TRANSACTION (HID,ACCOUNTNUMBER,AMOUNT,TRANSTYPE,TRANSFROM,TRANSTO,DATELOG) values (16,'BR100141',50,3,'BR100141','BR100051',to_date('02-JAN-20','DD-MON-RR'));
Insert into CAI.TRANSACTION (HID,ACCOUNTNUMBER,AMOUNT,TRANSTYPE,TRANSFROM,TRANSTO,DATELOG) values (17,'BR100051',50,1,null,null,to_date('09-JAN-20','DD-MON-RR'));
Insert into CAI.TRANSACTION (HID,ACCOUNTNUMBER,AMOUNT,TRANSTYPE,TRANSFROM,TRANSTO,DATELOG) values (18,'BR100051',50,2,null,null,to_date('09-JAN-20','DD-MON-RR'));
Insert into CAI.TRANSACTION (HID,ACCOUNTNUMBER,AMOUNT,TRANSTYPE,TRANSFROM,TRANSTO,DATELOG) values (19,'BR100051',15,1,null,null,to_date('15-JAN-20','DD-MON-RR'));
Insert into CAI.TRANSACTION (HID,ACCOUNTNUMBER,AMOUNT,TRANSTYPE,TRANSFROM,TRANSTO,DATELOG) values (20,'BR100051',15,2,null,null,to_date('15-JAN-20','DD-MON-RR'));
Insert into CAI.TRANSACTION (HID,ACCOUNTNUMBER,AMOUNT,TRANSTYPE,TRANSFROM,TRANSTO,DATELOG) values (21,'BR100092',60,3,'BR100051','BR100092',to_date('15-JAN-20','DD-MON-RR'));
Insert into CAI.TRANSACTION (HID,ACCOUNTNUMBER,AMOUNT,TRANSTYPE,TRANSFROM,TRANSTO,DATELOG) values (22,'BR100051',60,3,'BR100051','BR100092',to_date('15-JAN-20','DD-MON-RR'));
Insert into CAI.TRANSACTION (HID,ACCOUNTNUMBER,AMOUNT,TRANSTYPE,TRANSFROM,TRANSTO,DATELOG) values (23,'BR100051',15,1,null,null,to_date('15-JAN-20','DD-MON-RR'));
Insert into CAI.TRANSACTION (HID,ACCOUNTNUMBER,AMOUNT,TRANSTYPE,TRANSFROM,TRANSTO,DATELOG) values (24,'BR100051',15,1,null,null,to_date('15-JAN-20','DD-MON-RR'));
Insert into CAI.TRANSACTION (HID,ACCOUNTNUMBER,AMOUNT,TRANSTYPE,TRANSFROM,TRANSTO,DATELOG) values (25,'BR100051',60,1,null,null,to_date('15-JAN-20','DD-MON-RR'));
Insert into CAI.TRANSACTION (HID,ACCOUNTNUMBER,AMOUNT,TRANSTYPE,TRANSFROM,TRANSTO,DATELOG) values (26,'BR100051',20,2,null,null,to_date('15-JAN-20','DD-MON-RR'));
Insert into CAI.TRANSACTION (HID,ACCOUNTNUMBER,AMOUNT,TRANSTYPE,TRANSFROM,TRANSTO,DATELOG) values (27,'BR100092',50,3,'BR100051','BR100092',to_date('15-JAN-20','DD-MON-RR'));
Insert into CAI.TRANSACTION (HID,ACCOUNTNUMBER,AMOUNT,TRANSTYPE,TRANSFROM,TRANSTO,DATELOG) values (28,'BR100051',50,3,'BR100051','BR100092',to_date('15-JAN-20','DD-MON-RR'));
Insert into CAI.TRANSACTION (HID,ACCOUNTNUMBER,AMOUNT,TRANSTYPE,TRANSFROM,TRANSTO,DATELOG) values (29,'BR100092',50,3,'BR100051','BR100092',to_date('15-JAN-20','DD-MON-RR'));
Insert into CAI.TRANSACTION (HID,ACCOUNTNUMBER,AMOUNT,TRANSTYPE,TRANSFROM,TRANSTO,DATELOG) values (30,'BR100051',50,3,'BR100051','BR100092',to_date('15-JAN-20','DD-MON-RR'));
Insert into CAI.TRANSACTION (HID,ACCOUNTNUMBER,AMOUNT,TRANSTYPE,TRANSFROM,TRANSTO,DATELOG) values (31,'BR100092',50,3,'BR100051','BR100092',to_date('15-JAN-20','DD-MON-RR'));
Insert into CAI.TRANSACTION (HID,ACCOUNTNUMBER,AMOUNT,TRANSTYPE,TRANSFROM,TRANSTO,DATELOG) values (32,'BR100051',50,3,'BR100051','BR100092',to_date('15-JAN-20','DD-MON-RR'));
Insert into CAI.TRANSACTION (HID,ACCOUNTNUMBER,AMOUNT,TRANSTYPE,TRANSFROM,TRANSTO,DATELOG) values (33,'BR100092',50,3,'BR100051','BR100092',to_date('15-JAN-20','DD-MON-RR'));
Insert into CAI.TRANSACTION (HID,ACCOUNTNUMBER,AMOUNT,TRANSTYPE,TRANSFROM,TRANSTO,DATELOG) values (34,'BR100051',50,3,'BR100051','BR100092',to_date('15-JAN-20','DD-MON-RR'));
Insert into CAI.TRANSACTION (HID,ACCOUNTNUMBER,AMOUNT,TRANSTYPE,TRANSFROM,TRANSTO,DATELOG) values (35,'BR100051',60,1,null,null,to_date('15-JAN-20','DD-MON-RR'));
Insert into CAI.TRANSACTION (HID,ACCOUNTNUMBER,AMOUNT,TRANSTYPE,TRANSFROM,TRANSTO,DATELOG) values (36,'BR100051',15,2,null,null,to_date('15-JAN-20','DD-MON-RR'));
Insert into CAI.TRANSACTION (HID,ACCOUNTNUMBER,AMOUNT,TRANSTYPE,TRANSFROM,TRANSTO,DATELOG) values (37,'BR100051',25,1,null,null,to_date('15-JAN-20','DD-MON-RR'));
Insert into CAI.TRANSACTION (HID,ACCOUNTNUMBER,AMOUNT,TRANSTYPE,TRANSFROM,TRANSTO,DATELOG) values (38,'BR100051',5,2,null,null,to_date('15-JAN-20','DD-MON-RR'));
Insert into CAI.TRANSACTION (HID,ACCOUNTNUMBER,AMOUNT,TRANSTYPE,TRANSFROM,TRANSTO,DATELOG) values (39,'BR100051',25,2,null,null,to_date('15-JAN-20','DD-MON-RR'));
Insert into CAI.TRANSACTION (HID,ACCOUNTNUMBER,AMOUNT,TRANSTYPE,TRANSFROM,TRANSTO,DATELOG) values (40,'BR100051',60,1,null,null,to_date('15-JAN-20','DD-MON-RR'));
Insert into CAI.TRANSACTION (HID,ACCOUNTNUMBER,AMOUNT,TRANSTYPE,TRANSFROM,TRANSTO,DATELOG) values (41,'BR100051',15,1,null,null,to_date('15-JAN-20','DD-MON-RR'));
Insert into CAI.TRANSACTION (HID,ACCOUNTNUMBER,AMOUNT,TRANSTYPE,TRANSFROM,TRANSTO,DATELOG) values (42,'BR100051',15,1,null,null,to_date('15-JAN-20','DD-MON-RR'));
Insert into CAI.TRANSACTION (HID,ACCOUNTNUMBER,AMOUNT,TRANSTYPE,TRANSFROM,TRANSTO,DATELOG) values (43,'BR100051',5,2,null,null,to_date('15-JAN-20','DD-MON-RR'));
Insert into CAI.TRANSACTION (HID,ACCOUNTNUMBER,AMOUNT,TRANSTYPE,TRANSFROM,TRANSTO,DATELOG) values (44,'BR100051',25,1,null,null,to_date('15-JAN-20','DD-MON-RR'));
Insert into CAI.TRANSACTION (HID,ACCOUNTNUMBER,AMOUNT,TRANSTYPE,TRANSFROM,TRANSTO,DATELOG) values (45,'BR100051',55,1,null,null,to_date('15-JAN-20','DD-MON-RR'));
Insert into CAI.TRANSACTION (HID,ACCOUNTNUMBER,AMOUNT,TRANSTYPE,TRANSFROM,TRANSTO,DATELOG) values (46,'BR100051',15,1,null,null,to_date('15-JAN-20','DD-MON-RR'));
Insert into CAI.TRANSACTION (HID,ACCOUNTNUMBER,AMOUNT,TRANSTYPE,TRANSFROM,TRANSTO,DATELOG) values (47,'BR100051',15,1,null,null,to_date('15-JAN-20','DD-MON-RR'));
Insert into CAI.TRANSACTION (HID,ACCOUNTNUMBER,AMOUNT,TRANSTYPE,TRANSFROM,TRANSTO,DATELOG) values (48,'BR100001',500,1,null,null,to_date('15-JAN-20','DD-MON-RR'));
Insert into CAI.TRANSACTION (HID,ACCOUNTNUMBER,AMOUNT,TRANSTYPE,TRANSFROM,TRANSTO,DATELOG) values (49,'BR100051',5,1,null,null,to_date('15-JAN-20','DD-MON-RR'));
Insert into CAI.TRANSACTION (HID,ACCOUNTNUMBER,AMOUNT,TRANSTYPE,TRANSFROM,TRANSTO,DATELOG) values (50,'BR100051',5,1,null,null,to_date('15-JAN-20','DD-MON-RR'));
Insert into CAI.TRANSACTION (HID,ACCOUNTNUMBER,AMOUNT,TRANSTYPE,TRANSFROM,TRANSTO,DATELOG) values (51,'BR100051',5,2,null,null,to_date('15-JAN-20','DD-MON-RR'));
Insert into CAI.TRANSACTION (HID,ACCOUNTNUMBER,AMOUNT,TRANSTYPE,TRANSFROM,TRANSTO,DATELOG) values (52,'BR100051',5,1,null,null,to_date('15-JAN-20','DD-MON-RR'));
Insert into CAI.TRANSACTION (HID,ACCOUNTNUMBER,AMOUNT,TRANSTYPE,TRANSFROM,TRANSTO,DATELOG) values (53,'BR100051',5,1,null,null,to_date('15-JAN-20','DD-MON-RR'));
Insert into CAI.TRANSACTION (HID,ACCOUNTNUMBER,AMOUNT,TRANSTYPE,TRANSFROM,TRANSTO,DATELOG) values (54,'BR100051',5,1,null,null,to_date('15-JAN-20','DD-MON-RR'));
Insert into CAI.TRANSACTION (HID,ACCOUNTNUMBER,AMOUNT,TRANSTYPE,TRANSFROM,TRANSTO,DATELOG) values (55,'BR100051',50,1,null,null,to_date('15-JAN-20','DD-MON-RR'));
Insert into CAI.TRANSACTION (HID,ACCOUNTNUMBER,AMOUNT,TRANSTYPE,TRANSFROM,TRANSTO,DATELOG) values (56,'BR100051',15,2,null,null,to_date('16-JAN-20','DD-MON-RR'));
Insert into CAI.TRANSACTION (HID,ACCOUNTNUMBER,AMOUNT,TRANSTYPE,TRANSFROM,TRANSTO,DATELOG) values (57,'BR100022',5,1,null,null,to_date('16-JAN-20','DD-MON-RR'));
Insert into CAI.TRANSACTION (HID,ACCOUNTNUMBER,AMOUNT,TRANSTYPE,TRANSFROM,TRANSTO,DATELOG) values (58,'BR100031',15,1,null,null,to_date('16-JAN-20','DD-MON-RR'));
Insert into CAI.TRANSACTION (HID,ACCOUNTNUMBER,AMOUNT,TRANSTYPE,TRANSFROM,TRANSTO,DATELOG) values (59,'BR100051',50,1,null,null,to_date('16-JAN-20','DD-MON-RR'));
Insert into CAI.TRANSACTION (HID,ACCOUNTNUMBER,AMOUNT,TRANSTYPE,TRANSFROM,TRANSTO,DATELOG) values (60,'BR100051',40,1,null,null,to_date('16-JAN-20','DD-MON-RR'));
Insert into CAI.TRANSACTION (HID,ACCOUNTNUMBER,AMOUNT,TRANSTYPE,TRANSFROM,TRANSTO,DATELOG) values (61,'BR100051',15,2,null,null,to_date('16-JAN-20','DD-MON-RR'));
Insert into CAI.TRANSACTION (HID,ACCOUNTNUMBER,AMOUNT,TRANSTYPE,TRANSFROM,TRANSTO,DATELOG) values (62,'BR100051',15,1,null,null,to_date('16-JAN-20','DD-MON-RR'));
Insert into CAI.TRANSACTION (HID,ACCOUNTNUMBER,AMOUNT,TRANSTYPE,TRANSFROM,TRANSTO,DATELOG) values (63,'BR100051',60,1,null,null,to_date('16-JAN-20','DD-MON-RR'));
Insert into CAI.TRANSACTION (HID,ACCOUNTNUMBER,AMOUNT,TRANSTYPE,TRANSFROM,TRANSTO,DATELOG) values (64,'BR100051',15,1,null,null,to_date('16-JAN-20','DD-MON-RR'));
Insert into CAI.TRANSACTION (HID,ACCOUNTNUMBER,AMOUNT,TRANSTYPE,TRANSFROM,TRANSTO,DATELOG) values (65,'BR100051',60,1,null,null,to_date('16-JAN-20','DD-MON-RR'));
Insert into CAI.TRANSACTION (HID,ACCOUNTNUMBER,AMOUNT,TRANSTYPE,TRANSFROM,TRANSTO,DATELOG) values (66,'BR100051',50,1,null,null,to_date('16-JAN-20','DD-MON-RR'));
Insert into CAI.TRANSACTION (HID,ACCOUNTNUMBER,AMOUNT,TRANSTYPE,TRANSFROM,TRANSTO,DATELOG) values (67,'BR100051',50,1,null,null,to_date('16-JAN-20','DD-MON-RR'));
Insert into CAI.TRANSACTION (HID,ACCOUNTNUMBER,AMOUNT,TRANSTYPE,TRANSFROM,TRANSTO,DATELOG) values (68,'BR100172',123,1,null,null,to_date('16-JAN-20','DD-MON-RR'));
Insert into CAI.TRANSACTION (HID,ACCOUNTNUMBER,AMOUNT,TRANSTYPE,TRANSFROM,TRANSTO,DATELOG) values (69,'BR100051',25,1,null,null,to_date('17-JAN-20','DD-MON-RR'));
Insert into CAI.TRANSACTION (HID,ACCOUNTNUMBER,AMOUNT,TRANSTYPE,TRANSFROM,TRANSTO,DATELOG) values (70,'BR100051',40,2,null,null,to_date('17-JAN-20','DD-MON-RR'));
Insert into CAI.TRANSACTION (HID,ACCOUNTNUMBER,AMOUNT,TRANSTYPE,TRANSFROM,TRANSTO,DATELOG) values (71,'BR100051',50,1,null,null,to_date('17-JAN-20','DD-MON-RR'));
Insert into CAI.TRANSACTION (HID,ACCOUNTNUMBER,AMOUNT,TRANSTYPE,TRANSFROM,TRANSTO,DATELOG) values (72,'BR100051',60,2,null,null,to_date('17-JAN-20','DD-MON-RR'));
Insert into CAI.TRANSACTION (HID,ACCOUNTNUMBER,AMOUNT,TRANSTYPE,TRANSFROM,TRANSTO,DATELOG) values (73,'BR100051',16,1,null,null,to_date('17-JAN-20','DD-MON-RR'));
Insert into CAI.TRANSACTION (HID,ACCOUNTNUMBER,AMOUNT,TRANSTYPE,TRANSFROM,TRANSTO,DATELOG) values (74,'BR100051',21,2,null,null,to_date('17-JAN-20','DD-MON-RR'));
Insert into CAI.TRANSACTION (HID,ACCOUNTNUMBER,AMOUNT,TRANSTYPE,TRANSFROM,TRANSTO,DATELOG) values (75,'BR100051',55,3,'BR100001','BR100051',to_date('17-JAN-20','DD-MON-RR'));
Insert into CAI.TRANSACTION (HID,ACCOUNTNUMBER,AMOUNT,TRANSTYPE,TRANSFROM,TRANSTO,DATELOG) values (76,'BR100001',55,3,'BR100001','BR100051',to_date('17-JAN-20','DD-MON-RR'));
Insert into CAI.TRANSACTION (HID,ACCOUNTNUMBER,AMOUNT,TRANSTYPE,TRANSFROM,TRANSTO,DATELOG) values (77,'BR100051',15,1,null,null,to_date('17-JAN-20','DD-MON-RR'));
Insert into CAI.TRANSACTION (HID,ACCOUNTNUMBER,AMOUNT,TRANSTYPE,TRANSFROM,TRANSTO,DATELOG) values (78,'BR100182',56,1,null,null,to_date('17-JAN-20','DD-MON-RR'));
Insert into CAI.TRANSACTION (HID,ACCOUNTNUMBER,AMOUNT,TRANSTYPE,TRANSFROM,TRANSTO,DATELOG) values (79,'BR100022',5,3,'BR100031','BR100022',to_date('17-JAN-20','DD-MON-RR'));
Insert into CAI.TRANSACTION (HID,ACCOUNTNUMBER,AMOUNT,TRANSTYPE,TRANSFROM,TRANSTO,DATELOG) values (80,'BR100031',5,3,'BR100031','BR100022',to_date('17-JAN-20','DD-MON-RR'));
Insert into CAI.TRANSACTION (HID,ACCOUNTNUMBER,AMOUNT,TRANSTYPE,TRANSFROM,TRANSTO,DATELOG) values (81,'BR100051',15,1,null,null,to_date('17-JAN-20','DD-MON-RR'));
Insert into CAI.TRANSACTION (HID,ACCOUNTNUMBER,AMOUNT,TRANSTYPE,TRANSFROM,TRANSTO,DATELOG) values (82,'BR100051',25,2,null,null,to_date('17-JAN-20','DD-MON-RR'));
Insert into CAI.TRANSACTION (HID,ACCOUNTNUMBER,AMOUNT,TRANSTYPE,TRANSFROM,TRANSTO,DATELOG) values (83,'BR100051',23,1,null,null,to_date('17-JAN-20','DD-MON-RR'));
Insert into CAI.TRANSACTION (HID,ACCOUNTNUMBER,AMOUNT,TRANSTYPE,TRANSFROM,TRANSTO,DATELOG) values (84,'BR100201',500,1,null,null,to_date('17-JAN-20','DD-MON-RR'));
Insert into CAI.TRANSACTION (HID,ACCOUNTNUMBER,AMOUNT,TRANSTYPE,TRANSFROM,TRANSTO,DATELOG) values (85,'BR100201',160,2,null,null,to_date('17-JAN-20','DD-MON-RR'));
Insert into CAI.TRANSACTION (HID,ACCOUNTNUMBER,AMOUNT,TRANSTYPE,TRANSFROM,TRANSTO,DATELOG) values (86,'BR100022',500,1,null,null,to_date('17-JAN-20','DD-MON-RR'));
Insert into CAI.TRANSACTION (HID,ACCOUNTNUMBER,AMOUNT,TRANSTYPE,TRANSFROM,TRANSTO,DATELOG) values (87,'BR100031',210,3,'BR100022','BR100031',to_date('17-JAN-20','DD-MON-RR'));
Insert into CAI.TRANSACTION (HID,ACCOUNTNUMBER,AMOUNT,TRANSTYPE,TRANSFROM,TRANSTO,DATELOG) values (88,'BR100022',210,3,'BR100022','BR100031',to_date('17-JAN-20','DD-MON-RR'));
REM INSERTING into CAI.TRANSTYPE
SET DEFINE OFF;
Insert into CAI.TRANSTYPE (TRANSID,TYPE) values (1,'Deposit');
Insert into CAI.TRANSTYPE (TRANSID,TYPE) values (2,'Withdrawal');
Insert into CAI.TRANSTYPE (TRANSID,TYPE) values (3,'Transfer');
REM INSERTING into CAI.USERS
SET DEFINE OFF;
Insert into CAI.USERS (USERID,USERNAME,PASSWORD,ROLE) values (4,'robot3','demo123','c');
Insert into CAI.USERS (USERID,USERNAME,PASSWORD,ROLE) values (8,'robot6','demo123','c');
Insert into CAI.USERS (USERID,USERNAME,PASSWORD,ROLE) values (6,'robot4','demo123','c');
Insert into CAI.USERS (USERID,USERNAME,PASSWORD,ROLE) values (2,'robot1','demo123','c');
Insert into CAI.USERS (USERID,USERNAME,PASSWORD,ROLE) values (1,'admin','test','e');
Insert into CAI.USERS (USERID,USERNAME,PASSWORD,ROLE) values (3,'robot2','demo123','c');
Insert into CAI.USERS (USERID,USERNAME,PASSWORD,ROLE) values (7,'robot5','demo123','c');
Insert into CAI.USERS (USERID,USERNAME,PASSWORD,ROLE) values (10,'robot7','demo123','c');
Insert into CAI.USERS (USERID,USERNAME,PASSWORD,ROLE) values (11,'robot8','demo123','c');
Insert into CAI.USERS (USERID,USERNAME,PASSWORD,ROLE) values (19,'demo2','t','c');
Insert into CAI.USERS (USERID,USERNAME,PASSWORD,ROLE) values (16,'robot9','demo','c');
Insert into CAI.USERS (USERID,USERNAME,PASSWORD,ROLE) values (17,'demo1','t','c');
Insert into CAI.USERS (USERID,USERNAME,PASSWORD,ROLE) values (21,'demo3','demo','c');
Insert into CAI.USERS (USERID,USERNAME,PASSWORD,ROLE) values (22,'demo4','demo','c');
Insert into CAI.USERS (USERID,USERNAME,PASSWORD,ROLE) values (23,'robot10','demo123','c');
Insert into CAI.USERS (USERID,USERNAME,PASSWORD,ROLE) values (27,'robot11','demo123','c');
Insert into CAI.USERS (USERID,USERNAME,PASSWORD,ROLE) values (25,'robot12','demo123','c');
Insert into CAI.USERS (USERID,USERNAME,PASSWORD,ROLE) values (26,'bwayne','batman1','c');
Insert into CAI.USERS (USERID,USERNAME,PASSWORD,ROLE) values (33,'robot20','demo123','c');
Insert into CAI.USERS (USERID,USERNAME,PASSWORD,ROLE) values (34,'robot50','demo123','c');
--------------------------------------------------------
--  DDL for Index EMPLOYEE_PK
--------------------------------------------------------

  CREATE UNIQUE INDEX "CAI"."EMPLOYEE_PK" ON "CAI"."EMPLOYEE" ("EID") 
  PCTFREE 10 INITRANS 2 MAXTRANS 255 COMPUTE STATISTICS 
  STORAGE(INITIAL 65536 NEXT 1048576 MINEXTENTS 1 MAXEXTENTS 2147483645
  PCTINCREASE 0 FREELISTS 1 FREELIST GROUPS 1 BUFFER_POOL DEFAULT FLASH_CACHE DEFAULT CELL_FLASH_CACHE DEFAULT)
  TABLESPACE "SYSTEM" ;
--------------------------------------------------------
--  DDL for Index ACCOUNTTYPE_PK
--------------------------------------------------------

  CREATE UNIQUE INDEX "CAI"."ACCOUNTTYPE_PK" ON "CAI"."ACCOUNTTYPE" ("TYPEID") 
  PCTFREE 10 INITRANS 2 MAXTRANS 255 COMPUTE STATISTICS 
  STORAGE(INITIAL 65536 NEXT 1048576 MINEXTENTS 1 MAXEXTENTS 2147483645
  PCTINCREASE 0 FREELISTS 1 FREELIST GROUPS 1 BUFFER_POOL DEFAULT FLASH_CACHE DEFAULT CELL_FLASH_CACHE DEFAULT)
  TABLESPACE "SYSTEM" ;
--------------------------------------------------------
--  DDL for Index LOGIN_PK
--------------------------------------------------------

  CREATE UNIQUE INDEX "CAI"."LOGIN_PK" ON "CAI"."USERS" ("USERID") 
  PCTFREE 10 INITRANS 2 MAXTRANS 255 COMPUTE STATISTICS 
  STORAGE(INITIAL 65536 NEXT 1048576 MINEXTENTS 1 MAXEXTENTS 2147483645
  PCTINCREASE 0 FREELISTS 1 FREELIST GROUPS 1 BUFFER_POOL DEFAULT FLASH_CACHE DEFAULT CELL_FLASH_CACHE DEFAULT)
  TABLESPACE "SYSTEM" ;
--------------------------------------------------------
--  DDL for Index TRANSHISTORY_PK
--------------------------------------------------------

  CREATE UNIQUE INDEX "CAI"."TRANSHISTORY_PK" ON "CAI"."TRANSACTION" ("HID") 
  PCTFREE 10 INITRANS 2 MAXTRANS 255 COMPUTE STATISTICS 
  STORAGE(INITIAL 65536 NEXT 1048576 MINEXTENTS 1 MAXEXTENTS 2147483645
  PCTINCREASE 0 FREELISTS 1 FREELIST GROUPS 1 BUFFER_POOL DEFAULT FLASH_CACHE DEFAULT CELL_FLASH_CACHE DEFAULT)
  TABLESPACE "SYSTEM" ;
--------------------------------------------------------
--  DDL for Index TRANSTYPE_PK
--------------------------------------------------------

  CREATE UNIQUE INDEX "CAI"."TRANSTYPE_PK" ON "CAI"."TRANSTYPE" ("TRANSID") 
  PCTFREE 10 INITRANS 2 MAXTRANS 255 COMPUTE STATISTICS 
  STORAGE(INITIAL 65536 NEXT 1048576 MINEXTENTS 1 MAXEXTENTS 2147483645
  PCTINCREASE 0 FREELISTS 1 FREELIST GROUPS 1 BUFFER_POOL DEFAULT FLASH_CACHE DEFAULT CELL_FLASH_CACHE DEFAULT)
  TABLESPACE "SYSTEM" ;
--------------------------------------------------------
--  DDL for Index STATUS_PK
--------------------------------------------------------

  CREATE UNIQUE INDEX "CAI"."STATUS_PK" ON "CAI"."STATUS" ("STATUSID") 
  PCTFREE 10 INITRANS 2 MAXTRANS 255 COMPUTE STATISTICS 
  STORAGE(INITIAL 65536 NEXT 1048576 MINEXTENTS 1 MAXEXTENTS 2147483645
  PCTINCREASE 0 FREELISTS 1 FREELIST GROUPS 1 BUFFER_POOL DEFAULT FLASH_CACHE DEFAULT CELL_FLASH_CACHE DEFAULT)
  TABLESPACE "SYSTEM" ;
--------------------------------------------------------
--  DDL for Index LOGIN_UK1
--------------------------------------------------------

  CREATE UNIQUE INDEX "CAI"."LOGIN_UK1" ON "CAI"."USERS" ("USERNAME") 
  PCTFREE 10 INITRANS 2 MAXTRANS 255 COMPUTE STATISTICS 
  STORAGE(INITIAL 65536 NEXT 1048576 MINEXTENTS 1 MAXEXTENTS 2147483645
  PCTINCREASE 0 FREELISTS 1 FREELIST GROUPS 1 BUFFER_POOL DEFAULT FLASH_CACHE DEFAULT CELL_FLASH_CACHE DEFAULT)
  TABLESPACE "SYSTEM" ;
--------------------------------------------------------
--  DDL for Index CUSTOMER_PK
--------------------------------------------------------

  CREATE UNIQUE INDEX "CAI"."CUSTOMER_PK" ON "CAI"."CUSTOMER" ("CID") 
  PCTFREE 10 INITRANS 2 MAXTRANS 255 COMPUTE STATISTICS 
  STORAGE(INITIAL 65536 NEXT 1048576 MINEXTENTS 1 MAXEXTENTS 2147483645
  PCTINCREASE 0 FREELISTS 1 FREELIST GROUPS 1 BUFFER_POOL DEFAULT FLASH_CACHE DEFAULT CELL_FLASH_CACHE DEFAULT)
  TABLESPACE "SYSTEM" ;
--------------------------------------------------------
--  DDL for Index ACCOUNT_PK
--------------------------------------------------------

  CREATE UNIQUE INDEX "CAI"."ACCOUNT_PK" ON "CAI"."ACCOUNT" ("ACCOUNTNUMBER") 
  PCTFREE 10 INITRANS 2 MAXTRANS 255 COMPUTE STATISTICS 
  STORAGE(INITIAL 65536 NEXT 1048576 MINEXTENTS 1 MAXEXTENTS 2147483645
  PCTINCREASE 0 FREELISTS 1 FREELIST GROUPS 1 BUFFER_POOL DEFAULT FLASH_CACHE DEFAULT CELL_FLASH_CACHE DEFAULT)
  TABLESPACE "SYSTEM" ;
--------------------------------------------------------
--  DDL for Trigger TRANSCATION_TRG1
--------------------------------------------------------

  CREATE OR REPLACE TRIGGER "CAI"."TRANSCATION_TRG1" 
BEFORE INSERT ON TRANSACTION 
FOR EACH ROW 
BEGIN
  <<COLUMN_SEQUENCES>>
  BEGIN
    IF INSERTING AND :NEW.HID IS NULL THEN
      SELECT HISTSEQ.NEXTVAL INTO :NEW.HID FROM SYS.DUAL;
    END IF;
  END COLUMN_SEQUENCES;
END;
/
ALTER TRIGGER "CAI"."TRANSCATION_TRG1" ENABLE;
--------------------------------------------------------
--  DDL for Trigger USERS_TRG
--------------------------------------------------------

  CREATE OR REPLACE TRIGGER "CAI"."USERS_TRG" 
BEFORE INSERT ON USERS 
FOR EACH ROW 
BEGIN
  <<COLUMN_SEQUENCES>>
  BEGIN
    IF INSERTING AND :NEW.USERID IS NULL THEN
      SELECT USERIDSEQ.NEXTVAL INTO :NEW.USERID FROM SYS.DUAL;
    END IF;
  END COLUMN_SEQUENCES;
END;
/
ALTER TRIGGER "CAI"."USERS_TRG" ENABLE;
--------------------------------------------------------
--  DDL for Procedure ACCOUNTNUM
--------------------------------------------------------
set define off;

  CREATE OR REPLACE PROCEDURE "CAI"."ACCOUNTNUM" 
(
  ACCOUNTNUMBER OUT VARCHAR2 
, BALANCE IN NUMBER 
, TYPEID IN NUMBER 
, STATUSID IN NUMBER 
, CUSTINFO IN VARCHAR2 
) AS 

BEGIN

    select 'BR'|| ACCOUNT_SEQ.nextval || typeid into accountnumber 
    from dual;
    insert into account(accountnumber,balance,typeid,statusid,custinfo) values(accountnumber,balance,typeid,statusid,custinfo); 
END ACCOUNTNUM;

/
--------------------------------------------------------
--  DDL for Procedure ADDCOLLEGE
--------------------------------------------------------
set define off;

  CREATE OR REPLACE PROCEDURE "CAI"."ADDCOLLEGE" 
(
  ID OUT NUMBER 
, NAME IN VARCHAR2 
, ADDRESS IN VARCHAR2 
, CONTACT IN NUMBER 
) AS 
BEGIN
  select college_seq.nextval into id from dual;
  insert into college(id,name,address,contact) values(id,name,address,contact);
END ADDCOLLEGE;

/
--------------------------------------------------------
--  DDL for Procedure CUSTOMERID
--------------------------------------------------------
set define off;

  CREATE OR REPLACE PROCEDURE "CAI"."CUSTOMERID" 
(
  CID OUT VARCHAR2 
, FNAME IN VARCHAR2 
, LNAME IN VARCHAR2 
, DOB IN DATE 
, GENDER IN VARCHAR2 
, USERID IN NUMBER 
) AS 
BEGIN
  select 'BR'||CUSTOMER_SEQ.nextval||Upper(substr(lname,0,1)) into cid
  from dual;
  insert into customer(cid,fname,lname,dob,gender,userid) values(cid,fname,lname,dob,gender,userid);
  
END CUSTOMERID;

/
--------------------------------------------------------
--  DDL for Procedure REGISTERPLAYER
--------------------------------------------------------
set define off;

  CREATE OR REPLACE PROCEDURE "CAI"."REGISTERPLAYER" 
(
  ID OUT VARCHAR2 
, NAME IN VARCHAR2 
, DOB IN DATE 
, CITY IN VARCHAR2 
, GENDER IN VARCHAR2 
, v_TNAME IN VARCHAR2 
) AS 
v_tid number;
BEGIN
  select 'PL'||Upper(substr(v_tname,0,2))||substr(EXTRACT(YEAR FROM (DOB)),3)||PLAYER_SEQ.nextval into id
  from dual;
  select tid into v_tid FROM teamdemo where tname = v_tname;
  insert into playerdemo(id,name,dob,city,gender,tid) values(id,name,dob,city,gender,v_tid);
END REGISTERPLAYER;

/
--------------------------------------------------------
--  DDL for Function HELLOFUNCTION
--------------------------------------------------------

  CREATE OR REPLACE FUNCTION "CAI"."HELLOFUNCTION" return varchar AS
begin
return 'Hello from the Funtion';
end helloFunction;

/
--------------------------------------------------------
--  Constraints for Table TRANSACTION
--------------------------------------------------------

  ALTER TABLE "CAI"."TRANSACTION" ADD CONSTRAINT "TRANSHISTORY_PK" PRIMARY KEY ("HID")
  USING INDEX PCTFREE 10 INITRANS 2 MAXTRANS 255 COMPUTE STATISTICS 
  STORAGE(INITIAL 65536 NEXT 1048576 MINEXTENTS 1 MAXEXTENTS 2147483645
  PCTINCREASE 0 FREELISTS 1 FREELIST GROUPS 1 BUFFER_POOL DEFAULT FLASH_CACHE DEFAULT CELL_FLASH_CACHE DEFAULT)
  TABLESPACE "SYSTEM"  ENABLE;
  ALTER TABLE "CAI"."TRANSACTION" MODIFY ("HID" NOT NULL ENABLE);
  ALTER TABLE "CAI"."TRANSACTION" MODIFY ("DATELOG" NOT NULL ENABLE);
  ALTER TABLE "CAI"."TRANSACTION" MODIFY ("TRANSTYPE" NOT NULL ENABLE);
  ALTER TABLE "CAI"."TRANSACTION" MODIFY ("AMOUNT" NOT NULL ENABLE);
  ALTER TABLE "CAI"."TRANSACTION" MODIFY ("ACCOUNTNUMBER" NOT NULL ENABLE);
--------------------------------------------------------
--  Constraints for Table CUSTOMER
--------------------------------------------------------

  ALTER TABLE "CAI"."CUSTOMER" MODIFY ("USERID" NOT NULL ENABLE);
  ALTER TABLE "CAI"."CUSTOMER" MODIFY ("GENDER" NOT NULL ENABLE);
  ALTER TABLE "CAI"."CUSTOMER" MODIFY ("DOB" NOT NULL ENABLE);
  ALTER TABLE "CAI"."CUSTOMER" MODIFY ("LNAME" NOT NULL ENABLE);
  ALTER TABLE "CAI"."CUSTOMER" MODIFY ("FNAME" NOT NULL ENABLE);
  ALTER TABLE "CAI"."CUSTOMER" ADD CONSTRAINT "CUSTOMER_PK" PRIMARY KEY ("CID")
  USING INDEX PCTFREE 10 INITRANS 2 MAXTRANS 255 COMPUTE STATISTICS 
  STORAGE(INITIAL 65536 NEXT 1048576 MINEXTENTS 1 MAXEXTENTS 2147483645
  PCTINCREASE 0 FREELISTS 1 FREELIST GROUPS 1 BUFFER_POOL DEFAULT FLASH_CACHE DEFAULT CELL_FLASH_CACHE DEFAULT)
  TABLESPACE "SYSTEM"  ENABLE;
  ALTER TABLE "CAI"."CUSTOMER" MODIFY ("CID" NOT NULL ENABLE);
--------------------------------------------------------
--  Constraints for Table ACCOUNTTYPE
--------------------------------------------------------

  ALTER TABLE "CAI"."ACCOUNTTYPE" ADD CONSTRAINT "ACCOUNTTYPE_PK" PRIMARY KEY ("TYPEID")
  USING INDEX PCTFREE 10 INITRANS 2 MAXTRANS 255 COMPUTE STATISTICS 
  STORAGE(INITIAL 65536 NEXT 1048576 MINEXTENTS 1 MAXEXTENTS 2147483645
  PCTINCREASE 0 FREELISTS 1 FREELIST GROUPS 1 BUFFER_POOL DEFAULT FLASH_CACHE DEFAULT CELL_FLASH_CACHE DEFAULT)
  TABLESPACE "SYSTEM"  ENABLE;
  ALTER TABLE "CAI"."ACCOUNTTYPE" MODIFY ("TYPES" NOT NULL ENABLE);
  ALTER TABLE "CAI"."ACCOUNTTYPE" MODIFY ("TYPEID" NOT NULL ENABLE);
--------------------------------------------------------
--  Constraints for Table STATUS
--------------------------------------------------------

  ALTER TABLE "CAI"."STATUS" ADD CONSTRAINT "STATUS_PK" PRIMARY KEY ("STATUSID")
  USING INDEX PCTFREE 10 INITRANS 2 MAXTRANS 255 COMPUTE STATISTICS 
  STORAGE(INITIAL 65536 NEXT 1048576 MINEXTENTS 1 MAXEXTENTS 2147483645
  PCTINCREASE 0 FREELISTS 1 FREELIST GROUPS 1 BUFFER_POOL DEFAULT FLASH_CACHE DEFAULT CELL_FLASH_CACHE DEFAULT)
  TABLESPACE "SYSTEM"  ENABLE;
  ALTER TABLE "CAI"."STATUS" MODIFY ("STATUS" NOT NULL ENABLE);
  ALTER TABLE "CAI"."STATUS" MODIFY ("STATUSID" NOT NULL ENABLE);
--------------------------------------------------------
--  Constraints for Table ACCOUNT
--------------------------------------------------------

  ALTER TABLE "CAI"."ACCOUNT" MODIFY ("CUSTINFO" NOT NULL ENABLE);
  ALTER TABLE "CAI"."ACCOUNT" MODIFY ("BALANCE" NOT NULL ENABLE);
  ALTER TABLE "CAI"."ACCOUNT" ADD CONSTRAINT "ACCOUNT_PK" PRIMARY KEY ("ACCOUNTNUMBER")
  USING INDEX PCTFREE 10 INITRANS 2 MAXTRANS 255 COMPUTE STATISTICS 
  STORAGE(INITIAL 65536 NEXT 1048576 MINEXTENTS 1 MAXEXTENTS 2147483645
  PCTINCREASE 0 FREELISTS 1 FREELIST GROUPS 1 BUFFER_POOL DEFAULT FLASH_CACHE DEFAULT CELL_FLASH_CACHE DEFAULT)
  TABLESPACE "SYSTEM"  ENABLE;
  ALTER TABLE "CAI"."ACCOUNT" MODIFY ("STATUSID" NOT NULL ENABLE);
  ALTER TABLE "CAI"."ACCOUNT" MODIFY ("TYPEID" NOT NULL ENABLE);
  ALTER TABLE "CAI"."ACCOUNT" MODIFY ("ACCOUNTNUMBER" NOT NULL ENABLE);
--------------------------------------------------------
--  Constraints for Table TRANSTYPE
--------------------------------------------------------

  ALTER TABLE "CAI"."TRANSTYPE" ADD CONSTRAINT "TRANSTYPE_PK" PRIMARY KEY ("TRANSID")
  USING INDEX PCTFREE 10 INITRANS 2 MAXTRANS 255 COMPUTE STATISTICS 
  STORAGE(INITIAL 65536 NEXT 1048576 MINEXTENTS 1 MAXEXTENTS 2147483645
  PCTINCREASE 0 FREELISTS 1 FREELIST GROUPS 1 BUFFER_POOL DEFAULT FLASH_CACHE DEFAULT CELL_FLASH_CACHE DEFAULT)
  TABLESPACE "SYSTEM"  ENABLE;
  ALTER TABLE "CAI"."TRANSTYPE" MODIFY ("TYPE" NOT NULL ENABLE);
  ALTER TABLE "CAI"."TRANSTYPE" MODIFY ("TRANSID" NOT NULL ENABLE);
--------------------------------------------------------
--  Constraints for Table EMPLOYEE
--------------------------------------------------------

  ALTER TABLE "CAI"."EMPLOYEE" MODIFY ("USERID" NOT NULL ENABLE);
  ALTER TABLE "CAI"."EMPLOYEE" ADD CONSTRAINT "EMPLOYEE_PK" PRIMARY KEY ("EID")
  USING INDEX PCTFREE 10 INITRANS 2 MAXTRANS 255 COMPUTE STATISTICS 
  STORAGE(INITIAL 65536 NEXT 1048576 MINEXTENTS 1 MAXEXTENTS 2147483645
  PCTINCREASE 0 FREELISTS 1 FREELIST GROUPS 1 BUFFER_POOL DEFAULT FLASH_CACHE DEFAULT CELL_FLASH_CACHE DEFAULT)
  TABLESPACE "SYSTEM"  ENABLE;
  ALTER TABLE "CAI"."EMPLOYEE" MODIFY ("EID" NOT NULL ENABLE);
  ALTER TABLE "CAI"."EMPLOYEE" MODIFY ("LNAME" NOT NULL ENABLE);
  ALTER TABLE "CAI"."EMPLOYEE" MODIFY ("FNAME" NOT NULL ENABLE);
--------------------------------------------------------
--  Constraints for Table USERS
--------------------------------------------------------

  ALTER TABLE "CAI"."USERS" ADD CONSTRAINT "LOGIN_UK1" UNIQUE ("USERNAME")
  USING INDEX PCTFREE 10 INITRANS 2 MAXTRANS 255 COMPUTE STATISTICS 
  STORAGE(INITIAL 65536 NEXT 1048576 MINEXTENTS 1 MAXEXTENTS 2147483645
  PCTINCREASE 0 FREELISTS 1 FREELIST GROUPS 1 BUFFER_POOL DEFAULT FLASH_CACHE DEFAULT CELL_FLASH_CACHE DEFAULT)
  TABLESPACE "SYSTEM"  ENABLE;
  ALTER TABLE "CAI"."USERS" ADD CONSTRAINT "LOGIN_PK" PRIMARY KEY ("USERID")
  USING INDEX PCTFREE 10 INITRANS 2 MAXTRANS 255 COMPUTE STATISTICS 
  STORAGE(INITIAL 65536 NEXT 1048576 MINEXTENTS 1 MAXEXTENTS 2147483645
  PCTINCREASE 0 FREELISTS 1 FREELIST GROUPS 1 BUFFER_POOL DEFAULT FLASH_CACHE DEFAULT CELL_FLASH_CACHE DEFAULT)
  TABLESPACE "SYSTEM"  ENABLE;
  ALTER TABLE "CAI"."USERS" MODIFY ("PASSWORD" NOT NULL ENABLE);
  ALTER TABLE "CAI"."USERS" MODIFY ("ROLE" NOT NULL ENABLE);
  ALTER TABLE "CAI"."USERS" MODIFY ("USERNAME" NOT NULL ENABLE);
  ALTER TABLE "CAI"."USERS" MODIFY ("USERID" NOT NULL ENABLE);
--------------------------------------------------------
--  Ref Constraints for Table ACCOUNT
--------------------------------------------------------

  ALTER TABLE "CAI"."ACCOUNT" ADD CONSTRAINT "ACCOUNT_FK1" FOREIGN KEY ("STATUSID")
	  REFERENCES "CAI"."STATUS" ("STATUSID") ENABLE;
  ALTER TABLE "CAI"."ACCOUNT" ADD CONSTRAINT "ACCOUNT_FK2" FOREIGN KEY ("TYPEID")
	  REFERENCES "CAI"."ACCOUNTTYPE" ("TYPEID") ENABLE;
  ALTER TABLE "CAI"."ACCOUNT" ADD CONSTRAINT "CUSTINFO" FOREIGN KEY ("CUSTINFO")
	  REFERENCES "CAI"."CUSTOMER" ("CID") ENABLE;
--------------------------------------------------------
--  Ref Constraints for Table CUSTOMER
--------------------------------------------------------

  ALTER TABLE "CAI"."CUSTOMER" ADD CONSTRAINT "CUSTOMER" FOREIGN KEY ("USERID")
	  REFERENCES "CAI"."USERS" ("USERID") ENABLE;
--------------------------------------------------------
--  Ref Constraints for Table EMPLOYEE
--------------------------------------------------------

  ALTER TABLE "CAI"."EMPLOYEE" ADD CONSTRAINT "USERLOGIN" FOREIGN KEY ("USERID")
	  REFERENCES "CAI"."USERS" ("USERID") ENABLE;
--------------------------------------------------------
--  Ref Constraints for Table TRANSACTION
--------------------------------------------------------

  ALTER TABLE "CAI"."TRANSACTION" ADD CONSTRAINT "TRANSHISTORY_FK1" FOREIGN KEY ("ACCOUNTNUMBER")
	  REFERENCES "CAI"."ACCOUNT" ("ACCOUNTNUMBER") ENABLE;
  ALTER TABLE "CAI"."TRANSACTION" ADD CONSTRAINT "TRANSHISTORY_FK2" FOREIGN KEY ("TRANSTYPE")
	  REFERENCES "CAI"."TRANSTYPE" ("TRANSID") ENABLE;
